epoch,train_loss,valid_loss
0,39.394744873046875,30.909738540649414
1,39.20237731933594,30.718074798583984
2,38.99995803833008,30.308692932128906
3,38.60797882080078,30.054061889648438
4,38.53813934326172,30.194734573364258
