epoch,train_loss,valid_loss
0,33.03763198852539,27.086814880371094
1,33.03236770629883,27.191869735717773
2,32.95597457885742,26.836498260498047
3,32.947235107421875,27.33423614501953
4,32.98342514038086,27.018295288085938
